{
  "n_train": 1709380,
  "n_eval": 49456,
  "n_clusters_per_layer": [
    4096,
    4096,
    4096
  ],
  "n_layers": 3,
  "n_items": 10,
  "n_params": 45781504,
  "train_loss": 3.121169,
  "sid_cache": "experiments/sid_cache/exp013-4096x3-12d-binary",
  "preprocessed_dir": "experiments/ntp_data/exp023-14d-features",
  "timestamp": "2026-04-27 16:53:01",
  "train": {
    "n_params": 45781504,
    "n_active_params": 17469952,
    "total_tokens": 136986492,
    "total_flops": 14358884639330304,
    "throughput_tok_per_s": 137785.8,
    "wall_time_s": 994.2,
    "batch_size": 128,
    "world_size": 4,
    "n_batches": 3338,
    "max_seq_len": 512
  },
  "eval": {
    "ppl": 24.2259,
    "layer_ppl": [
      374.1201,
      9.8411,
      3.9242
    ],
    "avg_loss": 3.18742,
    "depth_hit@10": [
      0.1879,
      0.1697,
      0.1686
    ],
    "depth_hit@10_indep": [
      0.1872,
      0.8229,
      0.8662
    ],
    "depth_acc_beam": [
      0.032,
      0.02,
      0.02
    ],
    "target_sid_found_rate": 0.634,
    "n_eval_positions": 148078,
    "n_eval_items": 49166,
    "n_recall_samples": 1000,
    "item_recall@10": 0.113,
    "item_recall@50": 0.296,
    "item_recall@100": 0.397,
    "item_recall@500": 0.634
  }
}