{
  "n_train": 1709380,
  "n_eval": 49456,
  "n_clusters_per_layer": [
    4096,
    4096,
    4096
  ],
  "n_layers": 3,
  "n_items": 10,
  "n_params": 45700096,
  "train_loss": 3.507114,
  "sid_cache": "experiments/sid_cache/exp013-4096x3-12d-binary",
  "preprocessed_dir": "experiments/ntp_data/exp023-14d-features",
  "timestamp": "2026-04-28 15:47:27",
  "train": {
    "n_params": 45700096,
    "n_active_params": 17388544,
    "total_tokens": 66299880,
    "total_flops": 6917150283448320,
    "throughput_tok_per_s": 138538.8,
    "wall_time_s": 478.6,
    "batch_size": 152,
    "world_size": 4,
    "n_batches": 1405,
    "max_seq_len": 512
  },
  "eval": {
    "ppl": 27.3311,
    "layer_ppl": [
      347.7208,
      11.3538,
      5.2594
    ],
    "avg_loss": 3.308025,
    "depth_hit@10": [
      0.1944,
      0.1706,
      0.1686
    ],
    "depth_hit@10_indep": [
      0.1935,
      0.8052,
      0.8406
    ],
    "depth_acc_beam": [
      0.031,
      0.018,
      0.018
    ],
    "target_sid_found_rate": 0.591,
    "n_eval_positions": 79702,
    "n_eval_items": 26450,
    "n_recall_samples": 1000,
    "item_recall@10": 0.109,
    "item_recall@50": 0.256,
    "item_recall@100": 0.344,
    "item_recall@500": 0.59
  }
}