{
  "n_train": 1692758,
  "n_eval": 49399,
  "n_clusters_per_layer": [
    4096,
    4096,
    4096
  ],
  "n_layers": 3,
  "n_items": 10,
  "n_params": 45781504,
  "train_loss": 2.832892,
  "sid_cache": "experiments/sid_cache/exp013-4096x3-12d-binary",
  "preprocessed_dir": "experiments/ntp_data/exp016-14d",
  "timestamp": "2026-04-19 14:17:09",
  "train": {
    "n_params": 45781504,
    "avg_ntp_loss": 2.702408,
    "avg_dpo_loss": 1.304843,
    "avg_total_loss": 2.832892,
    "dpo_weight": 0.1,
    "dpo_beta": 0.1,
    "difficulty": "hard",
    "total_tokens": 129904248,
    "wall_time_s": 7695.7,
    "batch_size": 136,
    "dpo_batch_size": 16,
    "world_size": 8,
    "n_steps": 1555,
    "n_dpo_pairs": 40826
  },
  "eval": {
    "ppl": 14.2375,
    "layer_ppl": [
      287.0848,
      6.1334,
      1.6688
    ],
    "avg_loss": 2.655883,
    "depth_hit@10": [
      0.2313,
      0.21,
      0.2092
    ],
    "depth_hit@10_indep": [
      0.2304,
      0.888,
      0.957
    ],
    "depth_acc_beam": [
      0.042,
      0.027,
      0.027
    ],
    "target_sid_found_rate": 0.659,
    "n_eval_positions": 147902,
    "n_eval_items": 49104,
    "n_recall_samples": 1000,
    "item_recall@10": 0.128,
    "item_recall@50": 0.322,
    "item_recall@100": 0.413,
    "item_recall@500": 0.657
  }
}