{
  "n_train": 1709380,
  "n_eval": 49456,
  "n_clusters_per_layer": [
    4096,
    4096,
    4096
  ],
  "n_layers": 3,
  "n_items": 10,
  "n_params": 45700096,
  "train_loss": 3.314387,
  "sid_cache": "experiments/sid_cache/exp013-4096x3-12d-binary",
  "preprocessed_dir": "experiments/ntp_data/exp023-14d-features",
  "timestamp": "2026-04-20 21:25:42",
  "train": {
    "n_params": 45700096,
    "n_active_params": 17388544,
    "total_tokens": 132625080,
    "total_flops": 13836942234501120,
    "throughput_tok_per_s": 104601.5,
    "wall_time_s": 1267.9,
    "batch_size": 152,
    "world_size": 8,
    "n_batches": 1405,
    "max_seq_len": 512
  },
  "eval": {
    "ppl": 55.1656,
    "layer_ppl": [
      453.5979,
      21.6309,
      17.3236
    ],
    "avg_loss": 4.010339,
    "depth_hit@10": [
      0.1688,
      0.1345,
      0.1275
    ],
    "depth_hit@10_indep": [
      0.1681,
      0.7383,
      0.7416
    ],
    "depth_acc_beam": [
      0.02,
      0.008,
      0.008
    ],
    "target_sid_found_rate": 0.466,
    "n_eval_positions": 148078,
    "n_eval_items": 49166,
    "n_recall_samples": 1000,
    "item_recall@10": 0.067,
    "item_recall@50": 0.164,
    "item_recall@100": 0.23,
    "item_recall@500": 0.465
  }
}