{
  "n_train": 1709380,
  "n_eval": 49456,
  "n_clusters_per_layer": [
    4096,
    4096,
    4096
  ],
  "n_layers": 3,
  "n_items": 10,
  "n_params": 45700096,
  "train_loss": 3.314387,
  "sid_cache": "experiments/sid_cache/exp013-4096x3-12d-binary",
  "preprocessed_dir": "experiments/ntp_data/exp023-14d-features",
  "timestamp": "2026-04-20 21:25:42",
  "train": {
    "n_params": 45700096,
    "n_active_params": 17388544,
    "total_tokens": 132625080,
    "total_flops": 13836942234501120,
    "throughput_tok_per_s": 104601.5,
    "wall_time_s": 1267.9,
    "batch_size": 152,
    "world_size": 8,
    "n_batches": 1405,
    "max_seq_len": 512
  },
  "eval": {
    "ppl": 25.1578,
    "layer_ppl": [
      338.0182,
      10.3005,
      4.6437
    ],
    "avg_loss": 3.225169,
    "depth_hit@10": [
      0.2052,
      0.1829,
      0.1816
    ],
    "depth_hit@10_indep": [
      0.2044,
      0.8169,
      0.8587
    ],
    "depth_acc_beam": [
      0.031,
      0.019,
      0.019
    ],
    "target_sid_found_rate": 0.55,
    "n_eval_positions": 148078,
    "n_eval_items": 49166,
    "n_recall_samples": 1000,
    "item_recall@10": 0.095,
    "item_recall@50": 0.23,
    "item_recall@100": 0.316,
    "item_recall@500": 0.55
  }
}