{
  "n_train": 1709380,
  "n_eval": 49456,
  "n_clusters_per_layer": [
    4096,
    4096,
    4096
  ],
  "n_layers": 3,
  "n_items": 10,
  "n_params": 45696000,
  "train_loss": 3.31029,
  "sid_cache": "experiments/sid_cache/exp013-4096x3-12d-binary",
  "preprocessed_dir": "experiments/ntp_data/exp024-14d-shifted",
  "timestamp": "2026-04-21 04:20:57",
  "train": {
    "n_params": 45696000,
    "n_active_params": 17384448,
    "total_tokens": 132615024,
    "total_flops": 13832633932480512,
    "throughput_tok_per_s": 105775.2,
    "wall_time_s": 1253.7,
    "batch_size": 152,
    "world_size": 8,
    "n_batches": 1405,
    "max_seq_len": 512
  },
  "eval": {
    "ppl": 25.8114,
    "layer_ppl": [
      349.3284,
      11.7604,
      4.2505
    ],
    "avg_loss": 3.250817,
    "depth_hit@10": [
      0.1991,
      0.173,
      0.1719
    ],
    "depth_hit@10_indep": [
      0.1983,
      0.8045,
      0.8676
    ],
    "depth_acc_beam": [
      0.031,
      0.021,
      0.021
    ],
    "target_sid_found_rate": 0.531,
    "n_eval_positions": 148078,
    "n_eval_items": 49166,
    "n_recall_samples": 1000,
    "item_recall@10": 0.092,
    "item_recall@50": 0.221,
    "item_recall@100": 0.305,
    "item_recall@500": 0.529
  }
}