{
  "n_train": 1709380,
  "n_eval": 49456,
  "n_clusters_per_layer": [
    4096,
    4096,
    4096
  ],
  "n_layers": 3,
  "n_items": 10,
  "n_params": 45785600,
  "train_loss": 3.450095,
  "sid_cache": "experiments/sid_cache/exp013-4096x3-12d-binary",
  "preprocessed_dir": "experiments/ntp_data/exp023-14d-features",
  "timestamp": "2026-04-20 20:15:48",
  "train": {
    "n_params": 45785600,
    "n_active_params": 17474048,
    "total_tokens": 132621672,
    "total_flops": 13904624774209536,
    "throughput_tok_per_s": 108328.3,
    "wall_time_s": 1224.3,
    "batch_size": 152,
    "world_size": 8,
    "n_batches": 1405,
    "max_seq_len": 512
  },
  "eval": {
    "ppl": 28.7816,
    "layer_ppl": [
      340.8047,
      10.8195,
      6.5608
    ],
    "avg_loss": 3.359737,
    "depth_hit@10": [
      0.2042,
      0.1799,
      0.1779
    ],
    "depth_hit@10_indep": [
      0.2034,
      0.8137,
      0.821
    ],
    "depth_acc_beam": [
      0.037,
      0.022,
      0.022
    ],
    "target_sid_found_rate": 0.604,
    "n_eval_positions": 148078,
    "n_eval_items": 49166,
    "n_recall_samples": 1000,
    "item_recall@10": 0.109,
    "item_recall@50": 0.273,
    "item_recall@100": 0.368,
    "item_recall@500": 0.601
  }
}