{
  "n_train": 1709380,
  "n_eval": 49456,
  "n_clusters_per_layer": [
    4096,
    4096,
    4096
  ],
  "n_layers": 3,
  "n_items": 10,
  "n_params": 45785600,
  "train_loss": 3.450095,
  "sid_cache": "experiments/sid_cache/exp013-4096x3-12d-binary",
  "preprocessed_dir": "experiments/ntp_data/exp023-14d-features",
  "timestamp": "2026-04-20 20:15:48",
  "train": {
    "n_params": 45785600,
    "n_active_params": 17474048,
    "total_tokens": 132621672,
    "total_flops": 13904624774209536,
    "throughput_tok_per_s": 108328.3,
    "wall_time_s": 1224.3,
    "batch_size": 152,
    "world_size": 8,
    "n_batches": 1405,
    "max_seq_len": 512
  },
  "eval": {
    "ppl": 70.5417,
    "layer_ppl": [
      468.0548,
      25.4215,
      29.8317
    ],
    "avg_loss": 4.256204,
    "depth_hit@10": [
      0.1599,
      0.1225,
      0.1133
    ],
    "depth_hit@10_indep": [
      0.1593,
      0.7245,
      0.6787
    ],
    "depth_acc_beam": [
      0.019,
      0.006,
      0.005
    ],
    "target_sid_found_rate": 0.443,
    "n_eval_positions": 148078,
    "n_eval_items": 49166,
    "n_recall_samples": 1000,
    "item_recall@10": 0.054,
    "item_recall@50": 0.149,
    "item_recall@100": 0.215,
    "item_recall@500": 0.439
  }
}