{
  "n_train": 1692758,
  "n_eval": 49399,
  "n_clusters_per_layer": [
    4096,
    4096,
    4096
  ],
  "n_layers": 3,
  "n_items": 10,
  "n_params": 46241280,
  "train_loss": 4.059138,
  "sid_cache": "experiments/sid_cache/exp013-4096x3-12d-binary",
  "preprocessed_dir": "experiments/ntp_data/exp016-14d",
  "timestamp": "2026-04-20 19:30:34",
  "train": {
    "n_params": 46241280,
    "n_active_params": 17929728,
    "total_tokens": 129973272,
    "total_flops": 13982312485380096,
    "throughput_tok_per_s": 99269.5,
    "wall_time_s": 1309.3,
    "batch_size": 152,
    "world_size": 8,
    "n_batches": 1392,
    "max_seq_len": 512
  },
  "eval": {
    "ppl": 29.6649,
    "layer_ppl": [
      347.6384,
      12.327,
      6.1824
    ],
    "avg_loss": 3.389965,
    "depth_hit@10": [
      0.1976,
      0.1691,
      0.1673
    ],
    "depth_hit@10_indep": [
      0.1968,
      0.7947,
      0.8282
    ],
    "depth_acc_beam": [
      0.021,
      0.011,
      0.011
    ],
    "target_sid_found_rate": 0.588,
    "n_eval_positions": 147902,
    "n_eval_items": 49104,
    "n_recall_samples": 1000,
    "item_recall@10": 0.101,
    "item_recall@50": 0.261,
    "item_recall@100": 0.354,
    "item_recall@500": 0.588
  }
}