{
  "n_train": 1719646,
  "n_eval": 49447,
  "n_clusters_per_layer": [
    4096,
    4096,
    4096
  ],
  "n_layers": 3,
  "n_items": 10,
  "n_params": 222476288,
  "train_loss": 2.863071,
  "sid_cache": "experiments/sid_cache/exp026-8b-14d",
  "preprocessed_dir": "experiments/ntp_data/exp043-8b-14d",
  "timestamp": "2026-04-29 13:52:29",
  "train": {
    "n_params": 222476288,
    "n_active_params": 71481344,
    "total_tokens": 134026560,
    "total_flops": 57482391842979840,
    "throughput_tok_per_s": 96381.3,
    "wall_time_s": 1390.6,
    "batch_size": 152,
    "world_size": 8,
    "n_batches": 1414,
    "max_seq_len": 512
  },
  "eval": {
    "ppl": 16.1352,
    "layer_ppl": [
      240.9341,
      7.6765,
      2.3074
    ],
    "avg_loss": 2.781005,
    "depth_hit@10": [
      0.2469,
      0.2259,
      0.2248
    ],
    "depth_hit@10_indep": [
      0.2459,
      0.8713,
      0.9176
    ],
    "depth_acc_beam": [
      0.034,
      0.022,
      0.022
    ],
    "target_sid_found_rate": 0.714,
    "n_eval_positions": 148053,
    "n_eval_items": 49159,
    "n_recall_samples": 1000,
    "item_recall@10": 0.13,
    "item_recall@50": 0.357,
    "item_recall@100": 0.466,
    "item_recall@500": 0.697
  }
}