{
  "n_train": 4863708,
  "n_eval": 49713,
  "n_clusters_per_layer": [
    4096,
    4096,
    4096
  ],
  "n_layers": 3,
  "n_items": 10,
  "n_params": 629568512,
  "train_loss": 2.93695,
  "sid_cache": "experiments/sid_cache/exp013-4096x3-12d-binary",
  "preprocessed_dir": "experiments/ntp_data/exp016-62d",
  "timestamp": "2026-04-18 05:21:48",
  "train": {
    "n_params": 629568512,
    "n_active_params": 101086208,
    "total_tokens": 441394968,
    "total_flops": 267713661272408064,
    "throughput_tok_per_s": 12129.3,
    "wall_time_s": 36390.9,
    "batch_size": 16,
    "world_size": 8,
    "n_batches": 37997,
    "max_seq_len": 512
  },
  "eval": {
    "ppl": 19.8047,
    "layer_ppl": [
      296.2711,
      8.243,
      3.2054
    ],
    "avg_loss": 2.98592,
    "depth_hit@10": [
      0.2279,
      0.2044,
      0.2034
    ],
    "depth_hit@10_indep": [
      0.2274,
      0.8459,
      0.8956
    ],
    "depth_acc_beam": [
      0.036,
      0.021,
      0.021
    ],
    "target_sid_found_rate": 0.681,
    "n_eval_positions": 148997,
    "n_eval_items": 49571,
    "n_recall_samples": 1000,
    "item_recall@10": 0.135,
    "item_recall@50": 0.328,
    "item_recall@100": 0.432,
    "item_recall@500": 0.681
  }
}