{
  "n_train": 1692758,
  "n_eval": 49399,
  "n_clusters_per_layer": [
    4096,
    4096,
    4096
  ],
  "n_layers": 3,
  "n_items": 10,
  "n_params": 45781504,
  "train_loss": 2.70201,
  "sid_cache": "experiments/sid_cache/exp013-4096x3-12d-binary",
  "preprocessed_dir": "experiments/ntp_data/exp016-14d",
  "timestamp": "2026-04-19 19:15:45",
  "train": {
    "n_params": 45781504,
    "avg_ntp_loss": 2.699785,
    "avg_dpo_loss": 0.022258,
    "avg_total_loss": 2.70201,
    "dpo_weight": 0.1,
    "dpo_beta": 0.1,
    "difficulty": "easy",
    "total_tokens": 129914280,
    "wall_time_s": 2637.0,
    "batch_size": 136,
    "dpo_batch_size": 16,
    "world_size": 8,
    "n_steps": 1555,
    "n_dpo_pairs": 95
  },
  "eval": {
    "ppl": 14.4521,
    "layer_ppl": [
      285.9982,
      6.1538,
      1.746
    ],
    "avg_loss": 2.670839,
    "depth_hit@10": [
      0.2317,
      0.2103,
      0.2093
    ],
    "depth_hit@10_indep": [
      0.2308,
      0.889,
      0.9519
    ],
    "depth_acc_beam": [
      0.039,
      0.026,
      0.026
    ],
    "target_sid_found_rate": 0.653,
    "n_eval_positions": 147902,
    "n_eval_items": 49104,
    "n_recall_samples": 1000,
    "item_recall@10": 0.123,
    "item_recall@50": 0.319,
    "item_recall@100": 0.414,
    "item_recall@500": 0.651
  }
}