{
  "n_train": 3042069,
  "n_eval": 49575,
  "n_clusters_per_layer": [
    4096,
    4096,
    4096
  ],
  "n_layers": 3,
  "n_items": 10,
  "n_params": 98157312,
  "train_loss": 3.174788,
  "sid_cache": "experiments/sid_cache/exp013-4096x3-12d-binary",
  "preprocessed_dir": "experiments/ntp_data/exp013",
  "timestamp": "2026-04-16 17:36:44",
  "train": {
    "n_params": 98157312,
    "n_active_params": 34456320,
    "total_tokens": 261908136,
    "total_flops": 54146343267717120,
    "throughput_tok_per_s": 71829.9,
    "wall_time_s": 3646.2,
    "batch_size": 64,
    "world_size": 8,
    "n_batches": 5941,
    "max_seq_len": 512
  },
  "eval": {
    "ppl": 24.0073,
    "layer_ppl": [
      323.1161,
      10.759,
      4.0205
    ],
    "avg_loss": 3.178357,
    "depth_hit@10": [
      0.2126,
      0.1855,
      0.1842
    ],
    "depth_hit@10_indep": [
      0.2121,
      0.8192,
      0.8751
    ],
    "depth_acc_beam": [
      0.033,
      0.018,
      0.018
    ],
    "target_sid_found_rate": 0.628,
    "n_eval_positions": 148533,
    "n_eval_items": 49383,
    "n_recall_samples": 1000,
    "item_recall@10": 0.115,
    "item_recall@50": 0.283,
    "item_recall@100": 0.391,
    "item_recall@500": 0.625
  }
}