{
  "n_train": 1709380,
  "n_eval": 49456,
  "n_clusters_per_layer": [
    4096,
    4096,
    4096
  ],
  "n_layers": 3,
  "n_items": 10,
  "n_params": 45655552,
  "train_loss": 3.183978,
  "sid_cache": "experiments/sid_cache/exp026-0.6b-14d",
  "preprocessed_dir": "experiments/ntp_data/exp044b-0.6b-14d",
  "timestamp": "2026-04-29 18:32:14",
  "train": {
    "n_params": 45655552,
    "n_active_params": 17344000,
    "total_tokens": 132633240,
    "total_flops": 13802345487360000,
    "throughput_tok_per_s": 271909.0,
    "wall_time_s": 487.8,
    "batch_size": 152,
    "world_size": 8,
    "n_batches": 1405,
    "max_seq_len": 512
  },
  "eval": {
    "ppl": 47.5218,
    "layer_ppl": [
      397.114,
      10.1407,
      26.9854
    ],
    "avg_loss": 3.861188,
    "depth_hit@10": [
      0.1788,
      0.1607,
      0.1401
    ],
    "depth_hit@10_indep": [
      0.1781,
      0.824,
      0.6826
    ],
    "depth_acc_beam": [
      0.025,
      0.018,
      0.017
    ],
    "target_sid_found_rate": 0.544,
    "n_eval_positions": 148078,
    "n_eval_items": 49166,
    "n_recall_samples": 1000,
    "item_recall@10": 0.074,
    "item_recall@50": 0.206,
    "item_recall@100": 0.267,
    "item_recall@500": 0.543
  }
}