{
  "n_train": 1692758,
  "n_eval": 49399,
  "n_clusters_per_layer": [
    4096,
    4096,
    4096
  ],
  "n_layers": 3,
  "n_items": 10,
  "n_params": 45781504,
  "train_loss": 3.420976,
  "sid_cache": "experiments/sid_cache/exp013-4096x3-12d-binary",
  "preprocessed_dir": "experiments/ntp_data/exp016-14d",
  "timestamp": "2026-04-20 06:31:00",
  "train": {
    "n_params": 45781504,
    "avg_ntp_loss": 2.805011,
    "avg_dpo_loss": 1.23193,
    "avg_total_loss": 3.420976,
    "dpo_weight": 0.5,
    "dpo_beta": 0.1,
    "difficulty": "hard",
    "pure_dpo": false,
    "dpo_epochs": 0,
    "total_tokens": 67343160,
    "wall_time_s": 3728.1,
    "batch_size": 136,
    "dpo_batch_size": 16,
    "world_size": 8,
    "n_steps": 807,
    "n_dpo_pairs": 4312
  },
  "eval": {
    "ppl": 108.4246,
    "layer_ppl": [
      1330.5692,
      16.5283,
      58.8447
    ],
    "avg_loss": 4.686055,
    "depth_hit@10": [
      0.2028,
      0.1821,
      0.1788
    ],
    "depth_hit@10_indep": [
      0.202,
      0.8628,
      0.8841
    ],
    "depth_acc_beam": [
      0.036,
      0.021,
      0.02
    ],
    "target_sid_found_rate": 0.541,
    "n_eval_positions": 147902,
    "n_eval_items": 49104,
    "n_recall_samples": 1000,
    "item_recall@10": 0.117,
    "item_recall@50": 0.263,
    "item_recall@100": 0.352,
    "item_recall@500": 0.54
  }
}