{
  "n_train": 1745799,
  "n_eval": 49502,
  "n_clusters_per_layer": [
    4096,
    4096,
    4096
  ],
  "n_layers": 3,
  "n_items": 10,
  "n_params": 7489024,
  "train_loss": 3.749462,
  "sid_cache": "experiments/sid_cache/exp013-4096x3-12d-binary",
  "preprocessed_dir": "experiments/ntp_data/exp041b-entp-v2",
  "timestamp": "2026-04-29 10:28:58",
  "train": {
    "n_params": 7489024,
    "n_active_params": 7489024,
    "total_tokens": 138041568,
    "total_flops": 6202779694497792,
    "throughput_tok_per_s": 2381576.3,
    "wall_time_s": 58.0,
    "batch_size": 152,
    "world_size": 8,
    "n_batches": 1435,
    "max_seq_len": 512
  },
  "eval": {
    "ppl": 49.6912,
    "layer_ppl": [
      388.1242,
      28.5841,
      11.2039
    ],
    "avg_loss": 3.905827,
    "depth_hit@10": [
      0.1904,
      0.1457,
      0.1429
    ],
    "depth_hit@10_indep": [
      0.1897,
      0.6881,
      0.7693
    ],
    "depth_acc_beam": [
      0.026,
      0.017,
      0.017
    ],
    "target_sid_found_rate": 0.45,
    "n_eval_positions": 148196,
    "n_eval_items": 49192,
    "n_recall_samples": 1000,
    "item_recall@10": 0.078,
    "item_recall@50": 0.2,
    "item_recall@100": 0.273,
    "item_recall@500": 0.449
  }
}