{
  "n_train": 1692758,
  "n_eval": 49399,
  "n_clusters_per_layer": [
    4096,
    4096,
    4096
  ],
  "n_layers": 3,
  "n_items": 10,
  "n_params": 45781504,
  "train_loss": 2.969079,
  "sid_cache": "experiments/sid_cache/exp013-4096x3-12d-binary",
  "preprocessed_dir": "experiments/ntp_data/exp016-14d",
  "timestamp": "2026-04-19 09:38:25",
  "train": {
    "n_params": 45781504,
    "avg_ntp_loss": 2.748059,
    "avg_dpo_loss": 2.2102,
    "avg_total_loss": 2.969079,
    "dpo_weight": 0.1,
    "dpo_beta": 0.1,
    "difficulty": "medium",
    "total_tokens": 129956184,
    "wall_time_s": 14131.3,
    "batch_size": 46,
    "dpo_batch_size": 4,
    "world_size": 8,
    "n_steps": 4599,
    "n_dpo_pairs": 49103
  },
  "eval": {
    "ppl": 17.4898,
    "layer_ppl": [
      300.049,
      6.2152,
      2.9182
    ],
    "avg_loss": 2.861619,
    "depth_hit@10": [
      0.2237,
      0.2034,
      0.2013
    ],
    "depth_hit@10_indep": [
      0.2228,
      0.8992,
      0.9405
    ],
    "depth_acc_beam": [
      0.04,
      0.025,
      0.025
    ],
    "target_sid_found_rate": 0.684,
    "n_eval_positions": 147902,
    "n_eval_items": 49104,
    "n_recall_samples": 1000,
    "item_recall@10": 0.154,
    "item_recall@50": 0.336,
    "item_recall@100": 0.436,
    "item_recall@500": 0.683
  }
}