{
  "n_train": 595193,
  "n_eval": 46119,
  "n_clusters_per_layer": [
    4096,
    4096,
    3765
  ],
  "n_layers": 3,
  "n_items": 10,
  "n_params": 45611701,
  "train_loss": 2.967033,
  "sid_cache": "experiments/sid_cache/qwen3-4b",
  "preprocessed_dir": "experiments/ntp_data/exp021-4b",
  "timestamp": "2026-04-21 09:36:16",
  "train": {
    "n_params": 45611701,
    "n_active_params": 17300149,
    "total_tokens": 24335640,
    "total_flops": 2526061188062160,
    "throughput_tok_per_s": 61080.3,
    "wall_time_s": 398.4,
    "batch_size": 152,
    "world_size": 8,
    "n_batches": 489,
    "max_seq_len": 512
  },
  "eval": {
    "ppl": 8.24,
    "layer_ppl": [
      161.4259,
      2.8154,
      1.3506
    ],
    "avg_loss": 2.108997,
    "depth_hit@10": [
      0.2837,
      0.2759,
      0.2756
    ],
    "depth_hit@10_indep": [
      0.2778,
      0.9887,
      1.0061
    ],
    "depth_acc_beam": [
      0.054,
      0.038,
      0.037
    ],
    "target_sid_found_rate": 0.87,
    "n_eval_positions": 136920,
    "n_eval_items": 44682,
    "n_recall_samples": 1000,
    "item_recall@10": 0.18,
    "item_recall@50": 0.437,
    "item_recall@100": 0.603,
    "item_recall@500": 0.86
  }
}