{
  "n_train": 1692758,
  "n_eval": 49399,
  "n_clusters_per_layer": [
    4096,
    4096,
    4096
  ],
  "n_layers": 3,
  "n_items": 10,
  "n_params": 45781504,
  "train_loss": 2.935852,
  "sid_cache": "experiments/sid_cache/exp013-4096x3-12d-binary",
  "preprocessed_dir": "experiments/ntp_data/exp016-14d",
  "timestamp": "2026-04-20 05:27:04",
  "train": {
    "n_params": 45781504,
    "avg_ntp_loss": 2.813315,
    "avg_dpo_loss": 1.225364,
    "avg_total_loss": 2.935852,
    "dpo_weight": 0.1,
    "dpo_beta": 0.1,
    "difficulty": "hard",
    "pure_dpo": false,
    "dpo_epochs": 0,
    "total_tokens": 67655232,
    "wall_time_s": 3739.1,
    "batch_size": 136,
    "dpo_batch_size": 16,
    "world_size": 8,
    "n_steps": 807,
    "n_dpo_pairs": 4312
  },
  "eval": {
    "ppl": 113.8419,
    "layer_ppl": [
      1321.1913,
      18.6909,
      60.6415
    ],
    "avg_loss": 4.73481,
    "depth_hit@10": [
      0.2047,
      0.1841,
      0.1806
    ],
    "depth_hit@10_indep": [
      0.2039,
      0.8598,
      0.8844
    ],
    "depth_acc_beam": [
      0.037,
      0.02,
      0.02
    ],
    "target_sid_found_rate": 0.534,
    "n_eval_positions": 147902,
    "n_eval_items": 49104,
    "n_recall_samples": 1000,
    "item_recall@10": 0.124,
    "item_recall@50": 0.271,
    "item_recall@100": 0.341,
    "item_recall@500": 0.533
  }
}