{
  "n_train": 1709380,
  "n_eval": 49456,
  "n_clusters_per_layer": [
    4096,
    4096,
    4096
  ],
  "n_layers": 3,
  "n_items": 10,
  "n_params": 45651456,
  "train_loss": 3.14044,
  "sid_cache": "experiments/sid_cache/exp026-0.6b-14d",
  "preprocessed_dir": "experiments/ntp_data/exp043-0.6b-14d",
  "timestamp": "2026-04-29 14:57:10",
  "train": {
    "n_params": 45651456,
    "n_active_params": 17339904,
    "total_tokens": 132616512,
    "total_flops": 13797345521369088,
    "throughput_tok_per_s": 276996.7,
    "wall_time_s": 478.8,
    "batch_size": 152,
    "world_size": 8,
    "n_batches": 1405,
    "max_seq_len": 512
  },
  "eval": {
    "ppl": 396.8413,
    "layer_ppl": [
      681.6562,
      53.9884,
      1703.711
    ],
    "avg_loss": 5.983536,
    "depth_hit@10": [
      0.113,
      0.0542,
      0.0126
    ],
    "depth_hit@10_indep": [
      0.1126,
      0.5895,
      0.1376
    ],
    "depth_acc_beam": [
      0.035,
      0.028,
      0.028
    ],
    "target_sid_found_rate": 0.605,
    "n_eval_positions": 148078,
    "n_eval_items": 49166,
    "n_recall_samples": 1000,
    "item_recall@10": 0.114,
    "item_recall@50": 0.273,
    "item_recall@100": 0.362,
    "item_recall@500": 0.604
  }
}