{
  "n_train": 213672,
  "n_eval": 0,
  "n_clusters_per_layer": [
    4096,
    4096,
    4096
  ],
  "n_layers": 3,
  "n_items": 10,
  "n_params": 45700096,
  "train_loss": 2.942407,
  "sid_cache": "experiments/sid_cache/exp013-4096x3-12d-binary",
  "preprocessed_dir": "experiments/ntp_data/exp023-14d-features",
  "timestamp": "2026-04-28 21:04:05",
  "train": {
    "n_params": 45700096,
    "avg_ntp_loss": 2.872336,
    "avg_dpo_loss": 2.33571,
    "avg_total_loss": 2.942407,
    "dpo_weight": 0.03,
    "dpo_beta": 0.1,
    "ntp_epochs": 3,
    "mid_epoch": 2,
    "n_steps": 812
  },
  "eval": {
    "ppl": 26.0472,
    "layer_ppl": [
      321.6323,
      10.6421,
      5.2498
    ],
    "avg_loss": 3.25991,
    "depth_hit@10": [
      0.2005,
      0.1713,
      0.1662
    ],
    "depth_hit@10_indep": [
      0.1997,
      0.8166,
      0.8512
    ],
    "depth_acc_beam": [
      0.038,
      0.021,
      0.021
    ],
    "target_sid_found_rate": 0.598,
    "n_eval_positions": 79702,
    "n_eval_items": 26450,
    "n_recall_samples": 1000,
    "item_recall@10": 0.103,
    "item_recall@50": 0.259,
    "item_recall@100": 0.354,
    "item_recall@500": 0.596
  }
}