{
  "n_train": 1709380,
  "n_eval": 49456,
  "n_clusters_per_layer": [
    4096,
    4096,
    4096
  ],
  "n_layers": 3,
  "n_items": 10,
  "n_params": 222476288,
  "train_loss": 2.940732,
  "sid_cache": "experiments/sid_cache/exp026-0.6b-14d",
  "preprocessed_dir": "experiments/ntp_data/exp043-0.6b-14d",
  "timestamp": "2026-04-29 13:00:29",
  "train": {
    "n_params": 222476288,
    "n_active_params": 71481344,
    "total_tokens": 132616080,
    "total_flops": 56877453806469120,
    "throughput_tok_per_s": 95617.0,
    "wall_time_s": 1387.0,
    "batch_size": 152,
    "world_size": 8,
    "n_batches": 1405,
    "max_seq_len": 512
  },
  "eval": {
    "ppl": 18.5409,
    "layer_ppl": [
      322.9866,
      7.0683,
      2.8391
    ],
    "avg_loss": 2.919981,
    "depth_hit@10": [
      0.2124,
      0.1993,
      0.1987
    ],
    "depth_hit@10_indep": [
      0.2116,
      0.8638,
      0.9014
    ],
    "depth_acc_beam": [
      0.037,
      0.025,
      0.024
    ],
    "target_sid_found_rate": 0.702,
    "n_eval_positions": 148078,
    "n_eval_items": 49166,
    "n_recall_samples": 1000,
    "item_recall@10": 0.145,
    "item_recall@50": 0.348,
    "item_recall@100": 0.443,
    "item_recall@500": 0.702
  }
}