{
  "n_train": 213672,
  "n_eval": 0,
  "n_clusters_per_layer": [
    4096,
    4096,
    4096
  ],
  "n_layers": 3,
  "n_items": 10,
  "n_params": 45700096,
  "train_loss": 2.969884,
  "sid_cache": "experiments/sid_cache/exp013-4096x3-12d-binary",
  "preprocessed_dir": "experiments/ntp_data/exp023-14d-features",
  "timestamp": "2026-04-28 20:44:06",
  "train": {
    "n_params": 45700096,
    "avg_ntp_loss": 2.89413,
    "avg_dpo_loss": 2.525137,
    "avg_total_loss": 2.969884,
    "dpo_weight": 0.03,
    "dpo_beta": 0.1,
    "ntp_epochs": 3,
    "mid_epoch": 1,
    "n_steps": 406
  },
  "eval": {
    "ppl": 23.6289,
    "layer_ppl": [
      313.6219,
      9.6512,
      4.434
    ],
    "avg_loss": 3.162472,
    "depth_hit@10": [
      0.2037,
      0.176,
      0.1715
    ],
    "depth_hit@10_indep": [
      0.2028,
      0.8249,
      0.8639
    ],
    "depth_acc_beam": [
      0.033,
      0.019,
      0.019
    ],
    "target_sid_found_rate": 0.621,
    "n_eval_positions": 79702,
    "n_eval_items": 26450,
    "n_recall_samples": 1000,
    "item_recall@10": 0.112,
    "item_recall@50": 0.268,
    "item_recall@100": 0.368,
    "item_recall@500": 0.621
  }
}