{
  "n_train": 1692758,
  "n_eval": 49399,
  "n_clusters_per_layer": [
    4096,
    4096,
    4096
  ],
  "n_layers": 3,
  "n_items": 10,
  "n_params": 45978624,
  "train_loss": 4.058871,
  "sid_cache": "experiments/sid_cache/exp013-4096x3-12d-binary",
  "preprocessed_dir": "experiments/ntp_data/exp016-14d",
  "timestamp": "2026-04-20 17:38:44",
  "train": {
    "n_params": 45978624,
    "n_active_params": 17667072,
    "total_tokens": 129971568,
    "total_flops": 13777302298853376,
    "throughput_tok_per_s": 100249.4,
    "wall_time_s": 1296.5,
    "batch_size": 152,
    "world_size": 8,
    "n_batches": 1392,
    "max_seq_len": 512
  },
  "eval": {
    "ppl": 29.2207,
    "layer_ppl": [
      351.1918,
      12.6387,
      5.7056
    ],
    "avg_loss": 3.374876,
    "depth_hit@10": [
      0.1966,
      0.168,
      0.1663
    ],
    "depth_hit@10_indep": [
      0.1958,
      0.7958,
      0.8372
    ],
    "depth_acc_beam": [
      0.028,
      0.017,
      0.017
    ],
    "target_sid_found_rate": 0.58,
    "n_eval_positions": 147902,
    "n_eval_items": 49104,
    "n_recall_samples": 1000,
    "item_recall@10": 0.097,
    "item_recall@50": 0.249,
    "item_recall@100": 0.35,
    "item_recall@500": 0.579
  }
}