{
  "n_train": 1709380,
  "n_eval": 49456,
  "n_clusters_per_layer": [
    4096,
    4096,
    4096
  ],
  "n_layers": 3,
  "n_items": 10,
  "n_params": 45655552,
  "train_loss": 3.168735,
  "sid_cache": "experiments/sid_cache/exp026-0.6b-14d",
  "preprocessed_dir": "experiments/ntp_data/exp044b-0.6b-14d",
  "timestamp": "2026-04-29 22:28:40",
  "train": {
    "n_params": 45655552,
    "n_active_params": 17344000,
    "total_tokens": 132621864,
    "total_flops": 13801161655296000,
    "throughput_tok_per_s": 122721.0,
    "wall_time_s": 1080.7,
    "batch_size": 152,
    "world_size": 8,
    "n_batches": 1405,
    "max_seq_len": 512
  },
  "eval": {
    "ppl": 22.2802,
    "layer_ppl": [
      373.0753,
      8.9426,
      3.3705
    ],
    "avg_loss": 3.103698,
    "depth_hit@10": [
      0.1896,
      0.1738,
      0.1729
    ],
    "depth_hit@10_indep": [
      0.1889,
      0.8348,
      0.8798
    ],
    "depth_acc_beam": [
      0.033,
      0.027,
      0.026
    ],
    "target_sid_found_rate": 0.638,
    "n_eval_positions": 148078,
    "n_eval_items": 49166,
    "n_recall_samples": 1000,
    "item_recall@10": 0.125,
    "item_recall@50": 0.293,
    "item_recall@100": 0.378,
    "item_recall@500": 0.637
  }
}