{
  "n_train": 1709380,
  "n_eval": 49456,
  "n_clusters_per_layer": [
    4096,
    4096,
    4096
  ],
  "n_layers": 3,
  "n_items": 10,
  "n_params": 45781504,
  "train_loss": 3.372798,
  "sid_cache": "experiments/sid_cache/exp013-4096x3-12d-binary",
  "preprocessed_dir": "experiments/ntp_data/exp023-14d-features",
  "timestamp": "2026-04-20 19:53:26",
  "train": {
    "n_params": 45781504,
    "n_active_params": 17469952,
    "total_tokens": 132621672,
    "total_flops": 13901365463998464,
    "throughput_tok_per_s": 105620.0,
    "wall_time_s": 1255.6,
    "batch_size": 152,
    "world_size": 8,
    "n_batches": 1405,
    "max_seq_len": 512
  },
  "eval": {
    "ppl": 28.4128,
    "layer_ppl": [
      351.4193,
      12.1542,
      5.4503
    ],
    "avg_loss": 3.346839,
    "depth_hit@10": [
      0.1983,
      0.1711,
      0.1694
    ],
    "depth_hit@10_indep": [
      0.1975,
      0.8036,
      0.8429
    ],
    "depth_acc_beam": [
      0.038,
      0.024,
      0.024
    ],
    "target_sid_found_rate": 0.609,
    "n_eval_positions": 148078,
    "n_eval_items": 49166,
    "n_recall_samples": 1000,
    "item_recall@10": 0.11,
    "item_recall@50": 0.259,
    "item_recall@100": 0.349,
    "item_recall@500": 0.607
  }
}