{
  "n_train": 1709380,
  "n_eval": 49456,
  "n_clusters_per_layer": [
    4096,
    4096,
    4096
  ],
  "n_layers": 3,
  "n_items": 10,
  "n_params": 45700096,
  "train_loss": 3.388559,
  "sid_cache": "experiments/sid_cache/exp026-0.6b-14d",
  "preprocessed_dir": "experiments/ntp_data/exp043-0.6b-14d",
  "timestamp": "2026-04-29 12:14:12",
  "train": {
    "n_params": 45700096,
    "n_active_params": 17388544,
    "total_tokens": 132614208,
    "total_flops": 13835807944998912,
    "throughput_tok_per_s": 263158.1,
    "wall_time_s": 503.9,
    "batch_size": 152,
    "world_size": 8,
    "n_batches": 1405,
    "max_seq_len": 512
  },
  "eval": {
    "ppl": 52.0097,
    "layer_ppl": [
      486.8211,
      16.9038,
      17.3223
    ],
    "avg_loss": 3.95143,
    "depth_hit@10": [
      0.1547,
      0.1356,
      0.1266
    ],
    "depth_hit@10_indep": [
      0.1541,
      0.7649,
      0.7221
    ],
    "depth_acc_beam": [
      0.024,
      0.017,
      0.017
    ],
    "target_sid_found_rate": 0.495,
    "n_eval_positions": 148078,
    "n_eval_items": 49166,
    "n_recall_samples": 1000,
    "item_recall@10": 0.085,
    "item_recall@50": 0.201,
    "item_recall@100": 0.277,
    "item_recall@500": 0.495
  }
}