{
  "n_train": 1692758,
  "n_eval": 49399,
  "n_clusters_per_layer": [
    4096,
    4096,
    4096
  ],
  "n_layers": 3,
  "n_items": 10,
  "n_params": 45781504,
  "train_loss": 2.833809,
  "sid_cache": "experiments/sid_cache/exp013-4096x3-12d-binary",
  "preprocessed_dir": "experiments/ntp_data/exp016-14d",
  "timestamp": "2026-04-19 18:07:57",
  "train": {
    "n_params": 45781504,
    "avg_ntp_loss": 2.701731,
    "avg_dpo_loss": 1.320784,
    "avg_total_loss": 2.833809,
    "dpo_weight": 0.1,
    "dpo_beta": 0.1,
    "difficulty": "hard",
    "total_tokens": 129907224,
    "wall_time_s": 4320.4,
    "batch_size": 136,
    "dpo_batch_size": 16,
    "world_size": 8,
    "n_steps": 1555,
    "n_dpo_pairs": 40826
  },
  "eval": {
    "ppl": 15.242,
    "layer_ppl": [
      287.3131,
      6.8709,
      1.8256
    ],
    "avg_loss": 2.724054,
    "depth_hit@10": [
      0.2306,
      0.207,
      0.2062
    ],
    "depth_hit@10_indep": [
      0.2297,
      0.8772,
      0.9489
    ],
    "depth_acc_beam": [
      0.038,
      0.022,
      0.022
    ],
    "target_sid_found_rate": 0.632,
    "n_eval_positions": 147902,
    "n_eval_items": 49104,
    "n_recall_samples": 1000,
    "item_recall@10": 0.124,
    "item_recall@50": 0.314,
    "item_recall@100": 0.403,
    "item_recall@500": 0.632
  }
}