{
  "n_train": 1719646,
  "n_eval": 49447,
  "n_clusters_per_layer": [
    4096,
    4096,
    4096
  ],
  "n_layers": 3,
  "n_items": 10,
  "n_params": 45700096,
  "train_loss": 3.191115,
  "sid_cache": "experiments/sid_cache/exp026-8b-14d",
  "preprocessed_dir": "experiments/ntp_data/exp043-8b-14d",
  "timestamp": "2026-04-29 12:35:14",
  "train": {
    "n_params": 45700096,
    "n_active_params": 17388544,
    "total_tokens": 134014728,
    "total_flops": 13981925966856192,
    "throughput_tok_per_s": 266717.7,
    "wall_time_s": 502.5,
    "batch_size": 152,
    "world_size": 8,
    "n_batches": 1414,
    "max_seq_len": 512
  },
  "eval": {
    "ppl": 20.6593,
    "layer_ppl": [
      279.5769,
      10.6303,
      3.0124
    ],
    "avg_loss": 3.028163,
    "depth_hit@10": [
      0.2227,
      0.1971,
      0.1948
    ],
    "depth_hit@10_indep": [
      0.2219,
      0.8279,
      0.8816
    ],
    "depth_acc_beam": [
      0.04,
      0.016,
      0.016
    ],
    "target_sid_found_rate": 0.663,
    "n_eval_positions": 148053,
    "n_eval_items": 49159,
    "n_recall_samples": 1000,
    "item_recall@10": 0.102,
    "item_recall@50": 0.302,
    "item_recall@100": 0.39,
    "item_recall@500": 0.647
  }
}