{
  "n_train": 595193,
  "n_eval": 46119,
  "n_clusters_per_layer": [
    4096,
    4096,
    2998
  ],
  "n_layers": 3,
  "n_items": 10,
  "n_params": 45218230,
  "train_loss": 2.973006,
  "sid_cache": "experiments/sid_cache/qwen3-4b-h128-31d",
  "preprocessed_dir": "experiments/ntp_data/exp021-4b-h128-v2",
  "timestamp": "2026-04-21 10:39:51",
  "train": {
    "n_params": 45218230,
    "n_active_params": 16906678,
    "total_tokens": 24327624,
    "total_flops": 2467795832838432,
    "throughput_tok_per_s": 60777.5,
    "wall_time_s": 400.3,
    "batch_size": 152,
    "world_size": 8,
    "n_batches": 489,
    "max_seq_len": 512
  },
  "eval": {
    "ppl": 8.4415,
    "layer_ppl": [
      165.7288,
      2.8591,
      1.3929
    ],
    "avg_loss": 2.133156,
    "depth_hit@10": [
      0.2803,
      0.2721,
      0.2719
    ],
    "depth_hit@10_indep": [
      0.2744,
      0.9879,
      1.0055
    ],
    "depth_acc_beam": [
      0.055,
      0.043,
      0.043
    ],
    "target_sid_found_rate": 0.861,
    "n_eval_positions": 136920,
    "n_eval_items": 44682,
    "n_recall_samples": 1000,
    "item_recall@10": 0.155,
    "item_recall@50": 0.391,
    "item_recall@100": 0.546,
    "item_recall@500": 0.838
  }
}