{
  "n_train": 1709380,
  "n_eval": 49456,
  "n_clusters_per_layer": [
    4096,
    4096,
    4096
  ],
  "n_layers": 3,
  "n_items": 10,
  "n_params": 45694976,
  "train_loss": 3.294719,
  "sid_cache": "experiments/sid_cache/exp013-4096x3-12d-binary",
  "preprocessed_dir": "experiments/ntp_data/exp023-14d-features",
  "timestamp": "2026-04-20 21:02:34",
  "train": {
    "n_params": 45694976,
    "n_active_params": 17383424,
    "total_tokens": 132610536,
    "total_flops": 13831351044931584,
    "throughput_tok_per_s": 104143.4,
    "wall_time_s": 1273.3,
    "batch_size": 152,
    "world_size": 8,
    "n_batches": 1405,
    "max_seq_len": 512
  },
  "eval": {
    "ppl": 25.9382,
    "layer_ppl": [
      346.9199,
      11.7518,
      4.3462
    ],
    "avg_loss": 3.255718,
    "depth_hit@10": [
      0.1998,
      0.1736,
      0.1722
    ],
    "depth_hit@10_indep": [
      0.199,
      0.808,
      0.8628
    ],
    "depth_acc_beam": [
      0.036,
      0.023,
      0.023
    ],
    "target_sid_found_rate": 0.612,
    "n_eval_positions": 148078,
    "n_eval_items": 49166,
    "n_recall_samples": 1000,
    "item_recall@10": 0.109,
    "item_recall@50": 0.249,
    "item_recall@100": 0.354,
    "item_recall@500": 0.612
  }
}