{
  "n_train": 3042069,
  "n_eval": 49575,
  "n_clusters_per_layer": [
    4096,
    4096,
    4096
  ],
  "n_layers": 3,
  "n_items": 10,
  "n_params": 7489024,
  "train_loss": 4.128603,
  "sid_cache": "experiments/sid_cache/exp013-4096x3-12d-binary",
  "preprocessed_dir": "experiments/ntp_data/exp013",
  "timestamp": "2026-04-16 05:07:32",
  "eval": {
    "ppl": 69.9564,
    "layer_ppl": [
      429.0963,
      41.7757,
      19.2345
    ],
    "avg_loss": 4.247873,
    "depth_hit@10": [
      0.1677,
      0.1094,
      0.106
    ],
    "depth_hit@10_indep": [
      0.1673,
      0.6223,
      0.7152
    ],
    "depth_acc_beam": [
      0.013,
      0.003,
      0.003
    ],
    "target_sid_found_rate": 0.373,
    "n_eval_positions": 148533,
    "n_eval_items": 49383,
    "n_recall_samples": 1000,
    "item_recall@10": 0.051,
    "item_recall@50": 0.146,
    "item_recall@100": 0.201,
    "item_recall@500": 0.372
  }
}