{
  "n_train": 1745799,
  "n_eval": 49502,
  "n_clusters_per_layer": [
    4096,
    4096,
    4096
  ],
  "n_layers": 3,
  "n_items": 10,
  "n_params": 7489024,
  "train_loss": 3.748957,
  "sid_cache": "experiments/sid_cache/exp013-4096x3-12d-binary",
  "preprocessed_dir": "experiments/ntp_data/exp041b-entp-v2",
  "timestamp": "2026-04-29 10:32:55",
  "train": {
    "n_params": 7489024,
    "n_active_params": 7489024,
    "total_tokens": 138048336,
    "total_flops": 6203083808784384,
    "throughput_tok_per_s": 2358264.5,
    "wall_time_s": 58.5,
    "batch_size": 152,
    "world_size": 8,
    "n_batches": 1435,
    "max_seq_len": 512
  },
  "eval": {
    "ppl": 51.2857,
    "layer_ppl": [
      388.4952,
      28.6363,
      12.2809
    ],
    "avg_loss": 3.937411,
    "depth_hit@10": [
      0.189,
      0.1442,
      0.1415
    ],
    "depth_hit@10_indep": [
      0.1882,
      0.6903,
      0.7653
    ],
    "depth_acc_beam": [
      0.029,
      0.022,
      0.022
    ],
    "target_sid_found_rate": 0.466,
    "n_eval_positions": 148196,
    "n_eval_items": 49192,
    "n_recall_samples": 1000,
    "item_recall@10": 0.077,
    "item_recall@50": 0.184,
    "item_recall@100": 0.264,
    "item_recall@500": 0.465
  }
}