{
  "n_train": 1692758,
  "n_eval": 49399,
  "n_clusters_per_layer": [
    4096,
    4096,
    4096
  ],
  "n_layers": 3,
  "n_items": 10,
  "n_params": 45978624,
  "train_loss": 3.427813,
  "sid_cache": "experiments/sid_cache/exp013-4096x3-12d-binary",
  "preprocessed_dir": "experiments/ntp_data/exp016-14d",
  "timestamp": "2026-04-20 17:11:05",
  "train": {
    "n_params": 45978624,
    "n_active_params": 17667072,
    "total_tokens": 129969624,
    "total_flops": 13777096230125568,
    "throughput_tok_per_s": 101657.6,
    "wall_time_s": 1278.5,
    "batch_size": 152,
    "world_size": 8,
    "n_batches": 1392,
    "max_seq_len": 512
  },
  "eval": {
    "ppl": 27.8946,
    "layer_ppl": [
      346.4813,
      12.1017,
      5.2552
    ],
    "avg_loss": 3.328431,
    "depth_hit@10": [
      0.1984,
      0.1707,
      0.1689
    ],
    "depth_hit@10_indep": [
      0.1977,
      0.8038,
      0.8444
    ],
    "depth_acc_beam": [
      0.03,
      0.017,
      0.017
    ],
    "target_sid_found_rate": 0.593,
    "n_eval_positions": 147902,
    "n_eval_items": 49104,
    "n_recall_samples": 1000,
    "item_recall@10": 0.103,
    "item_recall@50": 0.251,
    "item_recall@100": 0.364,
    "item_recall@500": 0.592
  }
}