{
  "n_train": 1709380,
  "n_eval": 49456,
  "n_clusters_per_layer": [
    4096,
    4096,
    4096
  ],
  "n_layers": 3,
  "n_items": 10,
  "n_params": 45655552,
  "train_loss": 3.203725,
  "sid_cache": "experiments/sid_cache/exp026-0.6b-14d",
  "preprocessed_dir": "experiments/ntp_data/exp044b-0.6b-14d",
  "timestamp": "2026-04-29 21:39:26",
  "train": {
    "n_params": 45655552,
    "n_active_params": 17344000,
    "total_tokens": 132634248,
    "total_flops": 13802450383872000,
    "throughput_tok_per_s": 172551.2,
    "wall_time_s": 768.7,
    "batch_size": 152,
    "world_size": 8,
    "n_batches": 1405,
    "max_seq_len": 512
  },
  "eval": {
    "ppl": 613.5763,
    "layer_ppl": [
      759.1681,
      163.4836,
      1863.7048
    ],
    "avg_loss": 6.419305,
    "depth_hit@10": [
      0.1049,
      0.0296,
      0.0115
    ],
    "depth_hit@10_indep": [
      0.1045,
      0.3926,
      0.1353
    ],
    "depth_acc_beam": [
      0.035,
      0.028,
      0.027
    ],
    "target_sid_found_rate": 0.635,
    "n_eval_positions": 148078,
    "n_eval_items": 49166,
    "n_recall_samples": 1000,
    "item_recall@10": 0.115,
    "item_recall@50": 0.289,
    "item_recall@100": 0.385,
    "item_recall@500": 0.635
  }
}