{
  "n_train": 595193,
  "n_eval": 46119,
  "n_clusters_per_layer": [
    4096,
    4096,
    2528
  ],
  "n_layers": 3,
  "n_items": 10,
  "n_params": 44977120,
  "train_loss": 2.916158,
  "sid_cache": "experiments/sid_cache/qwen3-4b-31d",
  "preprocessed_dir": "experiments/ntp_data/exp021-4b-v2",
  "timestamp": "2026-04-21 10:24:36",
  "train": {
    "n_params": 44977120,
    "n_active_params": 16665568,
    "total_tokens": 24331224,
    "total_flops": 2432962008571392,
    "throughput_tok_per_s": 59255.1,
    "wall_time_s": 410.6,
    "batch_size": 152,
    "world_size": 8,
    "n_batches": 489,
    "max_seq_len": 512
  },
  "eval": {
    "ppl": 8.2104,
    "layer_ppl": [
      163.3268,
      2.8618,
      1.2998
    ],
    "avg_loss": 2.105399,
    "depth_hit@10": [
      0.2821,
      0.2742,
      0.2741
    ],
    "depth_hit@10_indep": [
      0.2762,
      0.9879,
      1.0086
    ],
    "depth_acc_beam": [
      0.057,
      0.041,
      0.04
    ],
    "target_sid_found_rate": 0.869,
    "n_eval_positions": 136920,
    "n_eval_items": 44682,
    "n_recall_samples": 1000,
    "item_recall@10": 0.159,
    "item_recall@50": 0.408,
    "item_recall@100": 0.538,
    "item_recall@500": 0.843
  }
}