{
  "n_train": 3079645,
  "n_eval": 49620,
  "n_clusters_per_layer": [
    4096,
    4096,
    4096
  ],
  "n_layers": 3,
  "n_items": 10,
  "n_params": 7489024,
  "train_loss": 4.15323,
  "sid_cache": "experiments/sid_cache/exp013-4096x3-12d-binary",
  "preprocessed_dir": "experiments/ntp_data/exp041-entp-features",
  "timestamp": "2026-04-29 03:03:10",
  "train": {
    "n_params": 7489024,
    "n_active_params": 7489024,
    "total_tokens": 267530184,
    "total_flops": 12021239812202496,
    "throughput_tok_per_s": 2612496.6,
    "wall_time_s": 102.4,
    "batch_size": 152,
    "world_size": 8,
    "n_batches": 2532,
    "max_seq_len": 512
  },
  "eval": {
    "ppl": 69.0878,
    "layer_ppl": [
      433.8949,
      40.9709,
      18.6828
    ],
    "avg_loss": 4.235378,
    "depth_hit@10": [
      0.1657,
      0.1076,
      0.1037
    ],
    "depth_hit@10_indep": [
      0.1653,
      0.6266,
      0.7155
    ],
    "depth_acc_beam": [
      0.02,
      0.01,
      0.01
    ],
    "target_sid_found_rate": 0.398,
    "n_eval_positions": 148669,
    "n_eval_items": 49429,
    "n_recall_samples": 1000,
    "item_recall@10": 0.075,
    "item_recall@50": 0.153,
    "item_recall@100": 0.211,
    "item_recall@500": 0.397
  }
}