{
  "n_train": 1709380,
  "n_eval": 49456,
  "n_clusters_per_layer": [
    4096,
    4096,
    4096
  ],
  "n_layers": 3,
  "n_items": 10,
  "n_params": 45655552,
  "train_loss": 3.187927,
  "sid_cache": "experiments/sid_cache/exp026-0.6b-14d",
  "preprocessed_dir": "experiments/ntp_data/exp044b-0.6b-14d",
  "timestamp": "2026-04-29 18:21:39",
  "train": {
    "n_params": 45655552,
    "n_active_params": 17344000,
    "total_tokens": 132627120,
    "total_flops": 13801708615680000,
    "throughput_tok_per_s": 274650.7,
    "wall_time_s": 482.9,
    "batch_size": 152,
    "world_size": 8,
    "n_batches": 1405,
    "max_seq_len": 512
  },
  "eval": {
    "ppl": 474.9257,
    "layer_ppl": [
      712.2519,
      118.9374,
      1267.6363
    ],
    "avg_loss": 6.163158,
    "depth_hit@10": [
      0.1153,
      0.0381,
      0.0141
    ],
    "depth_hit@10_indep": [
      0.1148,
      0.44,
      0.1769
    ],
    "depth_acc_beam": [
      0.031,
      0.022,
      0.022
    ],
    "target_sid_found_rate": 0.625,
    "n_eval_positions": 148078,
    "n_eval_items": 49166,
    "n_recall_samples": 1000,
    "item_recall@10": 0.125,
    "item_recall@50": 0.283,
    "item_recall@100": 0.387,
    "item_recall@500": 0.623
  }
}