{
  "n_train": 1692758,
  "n_eval": 49399,
  "n_clusters_per_layer": [
    4096,
    4096,
    4096
  ],
  "n_layers": 3,
  "n_items": 10,
  "n_params": 45978624,
  "train_loss": 4.037773,
  "sid_cache": "experiments/sid_cache/exp013-4096x3-12d-binary",
  "preprocessed_dir": "experiments/ntp_data/exp016-14d",
  "timestamp": "2026-04-20 19:06:21",
  "train": {
    "n_params": 45978624,
    "n_active_params": 17667072,
    "total_tokens": 129968664,
    "total_flops": 13776994467790848,
    "throughput_tok_per_s": 103745.5,
    "wall_time_s": 1252.8,
    "batch_size": 152,
    "world_size": 8,
    "n_batches": 1392,
    "max_seq_len": 512
  },
  "eval": {
    "ppl": 28.1602,
    "layer_ppl": [
      352.9571,
      12.7037,
      5.0563
    ],
    "avg_loss": 3.337908,
    "depth_hit@10": [
      0.1943,
      0.1637,
      0.162
    ],
    "depth_hit@10_indep": [
      0.1935,
      0.797,
      0.846
    ],
    "depth_acc_beam": [
      0.026,
      0.013,
      0.013
    ],
    "target_sid_found_rate": 0.582,
    "n_eval_positions": 147902,
    "n_eval_items": 49104,
    "n_recall_samples": 1000,
    "item_recall@10": 0.101,
    "item_recall@50": 0.252,
    "item_recall@100": 0.348,
    "item_recall@500": 0.582
  }
}