{
  "n_train": 1709380,
  "n_eval": 49456,
  "n_clusters_per_layer": [
    4096,
    4096,
    4096
  ],
  "n_layers": 3,
  "n_items": 10,
  "n_params": 45655552,
  "train_loss": 3.183878,
  "sid_cache": "experiments/sid_cache/exp026-0.6b-14d",
  "preprocessed_dir": "experiments/ntp_data/exp044b-0.6b-14d",
  "timestamp": "2026-04-29 18:42:46",
  "train": {
    "n_params": 45655552,
    "n_active_params": 17344000,
    "total_tokens": 132615480,
    "total_flops": 13800497310720000,
    "throughput_tok_per_s": 274093.1,
    "wall_time_s": 483.8,
    "batch_size": 152,
    "world_size": 8,
    "n_batches": 1405,
    "max_seq_len": 512
  },
  "eval": {
    "ppl": 479.9876,
    "layer_ppl": [
      721.7635,
      115.0717,
      1334.7765
    ],
    "avg_loss": 6.17376,
    "depth_hit@10": [
      0.1106,
      0.0414,
      0.0158
    ],
    "depth_hit@10_indep": [
      0.1101,
      0.4659,
      0.1626
    ],
    "depth_acc_beam": [
      0.019,
      0.006,
      0.005
    ],
    "target_sid_found_rate": 0.308,
    "n_eval_positions": 148078,
    "n_eval_items": 49166,
    "n_recall_samples": 1000,
    "item_recall@10": 0.043,
    "item_recall@50": 0.093,
    "item_recall@100": 0.14,
    "item_recall@500": 0.307
  }
}