{
  "n_train": 1709380,
  "n_eval": 49456,
  "n_clusters_per_layer": [
    4096,
    4096,
    4096
  ],
  "n_layers": 3,
  "n_items": 10,
  "n_params": 45655552,
  "train_loss": 3.183878,
  "sid_cache": "experiments/sid_cache/exp026-0.6b-14d",
  "preprocessed_dir": "experiments/ntp_data/exp044b-0.6b-14d",
  "timestamp": "2026-04-29 18:42:46",
  "train": {
    "n_params": 45655552,
    "n_active_params": 17344000,
    "total_tokens": 132615480,
    "total_flops": 13800497310720000,
    "throughput_tok_per_s": 274093.1,
    "wall_time_s": 483.8,
    "batch_size": 152,
    "world_size": 8,
    "n_batches": 1405,
    "max_seq_len": 512
  },
  "eval": {
    "ppl": 40.82,
    "layer_ppl": [
      393.9005,
      9.7437,
      17.9602
    ],
    "avg_loss": 3.709172,
    "depth_hit@10": [
      0.1796,
      0.1623,
      0.1457
    ],
    "depth_hit@10_indep": [
      0.1789,
      0.8294,
      0.7284
    ],
    "depth_acc_beam": [
      0.015,
      0.009,
      0.009
    ],
    "target_sid_found_rate": 0.566,
    "n_eval_positions": 148078,
    "n_eval_items": 49166,
    "n_recall_samples": 1000,
    "item_recall@10": 0.088,
    "item_recall@50": 0.205,
    "item_recall@100": 0.289,
    "item_recall@500": 0.562
  }
}