{
  "n_train": 1692758,
  "n_eval": 49399,
  "n_clusters_per_layer": [
    4096,
    4096,
    4096
  ],
  "n_layers": 3,
  "n_items": 10,
  "n_params": 45781504,
  "train_loss": 2.956946,
  "sid_cache": "experiments/sid_cache/exp013-4096x3-12d-binary",
  "preprocessed_dir": "experiments/ntp_data/exp016-14d",
  "timestamp": "2026-04-18 20:45:37",
  "train": {
    "n_params": 45781504,
    "avg_ntp_loss": 2.790428,
    "avg_dpo_loss": 1.665178,
    "avg_total_loss": 2.956946,
    "dpo_weight": 0.1,
    "dpo_beta": 0.1,
    "difficulty": "easy",
    "total_tokens": 129949992,
    "wall_time_s": 14377.3,
    "batch_size": 46,
    "dpo_batch_size": 4,
    "world_size": 8,
    "n_steps": 4599,
    "n_dpo_pairs": 7655
  },
  "eval": {
    "ppl": 28.4894,
    "layer_ppl": [
      464.9958,
      20.373,
      2.4821
    ],
    "avg_loss": 3.349532,
    "depth_hit@10": [
      0.2086,
      0.181,
      0.18
    ],
    "depth_hit@10_indep": [
      0.2078,
      0.8007,
      0.9247
    ],
    "depth_acc_beam": [
      0.041,
      0.029,
      0.029
    ],
    "target_sid_found_rate": 0.551,
    "n_eval_positions": 147902,
    "n_eval_items": 49104,
    "n_recall_samples": 1000,
    "item_recall@10": 0.125,
    "item_recall@50": 0.271,
    "item_recall@100": 0.352,
    "item_recall@500": 0.55
  }
}