{
  "n_train": 3042069,
  "n_eval": 49575,
  "n_clusters_per_layer": [
    4096,
    4096,
    4096
  ],
  "n_layers": 3,
  "n_items": 10,
  "n_params": 629568512,
  "train_loss": 2.911343,
  "sid_cache": "experiments/sid_cache/exp013-4096x3-12d-binary",
  "preprocessed_dir": "experiments/ntp_data/exp013",
  "timestamp": "2026-04-17 02:17:09",
  "train": {
    "n_params": 629568512,
    "n_active_params": 101086208,
    "total_tokens": 261921144,
    "total_flops": 158859691451891712,
    "throughput_tok_per_s": 11657.8,
    "wall_time_s": 22467.4,
    "batch_size": 16,
    "world_size": 8,
    "n_batches": 23766,
    "max_seq_len": 512
  },
  "eval": {
    "ppl": 19.3927,
    "layer_ppl": [
      290.6826,
      8.3138,
      3.0497
    ],
    "avg_loss": 2.964897,
    "depth_hit@10": [
      0.2304,
      0.2073,
      0.2064
    ],
    "depth_hit@10_indep": [
      0.2298,
      0.8486,
      0.8968
    ],
    "depth_acc_beam": [
      0.03,
      0.019,
      0.019
    ],
    "target_sid_found_rate": 0.659,
    "n_eval_positions": 148533,
    "n_eval_items": 49383,
    "n_recall_samples": 1000,
    "item_recall@10": 0.137,
    "item_recall@50": 0.312,
    "item_recall@100": 0.432,
    "item_recall@500": 0.658
  }
}